mouse_id,day,group,weight
c0,1,ctrl,13.625586317363258
c1,1,ctrl,18.856701008318755
c2,1,ctrl,20.88258950640911
c3,1,ctrl,17.368909908696526
c4,1,ctrl,20.453301967378078
c5,1,ctrl,19.285547103485957
c6,1,ctrl,18.552949173053502
c7,1,ctrl,15.324891673579266
c8,1,ctrl,17.526260422942062
c9,1,ctrl,18.637503610683453
c10,1,ctrl,16.85493253624344
c11,1,ctrl,19.08790872030723
c12,1,ctrl,16.541012374193336
c13,1,ctrl,20.04211767921445
c14,1,ctrl,19.68180201427415
c15,1,ctrl,17.73897214152343
c16,1,ctrl,16.671799057870224
c17,1,ctrl,20.574331712833366
c18,1,ctrl,16.904660943238955
c19,1,ctrl,15.20420438436141
c20,1,ctrl,22.04745415168815
c21,1,ctrl,21.854012936283517
c22,1,ctrl,17.370302151966968
c23,1,ctrl,15.893910654371755
c24,1,ctrl,18.461296726409856
c25,1,ctrl,20.342705502772382
c26,1,ctrl,19.827500859587023
c27,1,ctrl,21.40389031286333
c28,1,ctrl,17.184404851994245
c29,1,ctrl,18.13919003713694
c30,1,ctrl,18.555999021388264
c31,1,ctrl,14.391957511936658
c32,1,ctrl,16.10911923601391
c33,1,ctrl,20.041135027548215
c34,1,ctrl,19.876111903835447
c35,1,ctrl,16.860132681329993
c36,1,ctrl,20.974055670072815
c37,1,ctrl,13.77345793404099
c38,1,ctrl,14.609002377846718
c39,1,ctrl,14.918913715212685
c40,1,ctrl,16.63890209581884
c41,1,ctrl,16.329570657966432
c42,1,ctrl,18.018286408072257
c43,1,ctrl,16.467653161304593
c44,1,ctrl,21.24937018688827
c45,1,ctrl,13.667260940866797
c46,1,ctrl,15.541724752175925
c47,1,ctrl,18.893769382918414
c48,1,ctrl,13.96605374294456
c49,1,ctrl,21.676784666530324
c50,1,ctrl,15.029956006705701
c51,1,ctrl,16.625634516161277
c52,1,ctrl,15.64988459613808
c53,1,ctrl,15.930169089085323
c54,1,ctrl,18.272158669584197
c55,1,ctrl,19.2695239762308
c56,1,ctrl,15.8444316337238
c57,1,ctrl,21.123674356817446
c58,1,ctrl,17.8009718852065
c59,1,ctrl,15.775671296837416
c60,1,ctrl,15.795504026292456
c61,1,ctrl,18.04659737372015
c62,1,ctrl,18.594611554809056
c63,1,ctrl,18.033871371571532
c64,1,ctrl,13.911176501547946
c65,1,ctrl,15.389475305726707
c66,1,ctrl,19.532597204218867
c67,1,ctrl,19.84051303330956
c68,1,ctrl,20.56730359849948
c69,1,ctrl,14.419523472352683
c70,1,ctrl,13.397029249533208
c71,1,ctrl,18.91523306541826
c72,1,ctrl,17.170557162367977
c73,1,ctrl,16.276955054775616
c74,1,ctrl,23.086518903762332
c75,1,ctrl,16.623213970213516
c76,1,ctrl,19.876133325817104
c77,1,ctrl,14.732519152297952
c78,1,ctrl,19.451433339485686
c79,1,ctrl,15.238692268344266
c80,1,ctrl,19.72530367556177
c81,1,ctrl,19.71722516534601
c82,1,ctrl,14.083281176054022
c83,1,ctrl,20.262435303666702
c84,1,ctrl,19.94705599830767
c85,1,ctrl,19.07058217649185
c86,1,ctrl,18.272179974744788
c87,1,ctrl,18.070709087057683
c88,1,ctrl,16.55293543802253
c89,1,ctrl,15.001372002015172
c90,1,ctrl,13.735119985654574
c91,1,ctrl,18.922909892767514
c92,1,ctrl,22.691433567405415
c93,1,ctrl,17.057741624577563
c94,1,ctrl,22.57984020456384
c95,1,ctrl,18.007543585078036
c96,1,ctrl,17.809941335688443
c97,1,ctrl,18.009893984968997
c98,1,ctrl,17.537464722757214
c99,1,ctrl,11.782121161943076
d0,1,drug,31.738371985597595
d1,1,drug,33.159347482931594
d2,1,drug,28.566711314872787
d3,1,drug,36.08329319534716
d4,1,drug,35.37777833235473
d5,1,drug,34.874558912470874
d6,1,drug,36.331069502871934
d7,1,drug,36.05553482009848
d8,1,drug,36.79341993985267
d9,1,drug,34.118964555687405
d10,1,drug,32.759020482124626
d11,1,drug,36.23784860891363
d12,1,drug,34.94071225014145
d13,1,drug,33.035041087677065
d14,1,drug,35.086345018308435
d15,1,drug,32.82244239788335
d16,1,drug,39.965427346058085
d17,1,drug,37.73347664629147
d18,1,drug,31.104796914480332
d19,1,drug,35.66299672002501
d20,1,drug,32.148459938618466
d21,1,drug,41.116784921205344
d22,1,drug,32.50750163761679
d23,1,drug,33.25707003840044
d24,1,drug,35.4032178267133
d25,1,drug,32.42733275387927
d26,1,drug,38.37251194126315
d27,1,drug,35.951506035093836
d28,1,drug,38.23649426440004
d29,1,drug,37.899232799625516
d30,1,drug,32.255699047292076
d31,1,drug,33.015285058020154
d32,1,drug,39.240656465997645
d33,1,drug,38.38068906520473
d34,1,drug,32.95686467339746
d35,1,drug,35.606837081562155
d36,1,drug,32.231037099339034
d37,1,drug,36.26971032701653
d38,1,drug,37.86763913774787
d39,1,drug,37.07419108965652
d40,1,drug,32.46239269786869
d41,1,drug,34.39810019247357
d42,1,drug,37.94906575915924
d43,1,drug,34.904697709127895
d44,1,drug,41.186982919866416
d45,1,drug,35.141755794543826
d46,1,drug,34.458426570792014
d47,1,drug,37.90795911514998
d48,1,drug,36.48229297955827
d49,1,drug,35.128852673369074
d50,1,drug,41.74663485178419
d51,1,drug,35.58697611839817
d52,1,drug,37.165748420892974
d53,1,drug,36.67496809657772
d54,1,drug,35.20042238220478
d55,1,drug,33.13064600030853
d56,1,drug,40.25905997030176
d57,1,drug,34.194623074860615
d58,1,drug,38.734216624146804
d59,1,drug,35.42620561690011
d60,1,drug,35.97775334176973
d61,1,drug,34.64200497898207
d62,1,drug,37.882655469229945
d63,1,drug,31.976402759567613
d64,1,drug,40.85815565858499
d65,1,drug,32.38140971920104
d66,1,drug,36.325621138381756
d67,1,drug,38.373402161652464
d68,1,drug,30.962028207193683
d69,1,drug,35.80114853266472
d70,1,drug,36.75262365947016
d71,1,drug,31.78775009578705
d72,1,drug,36.55597702361362
d73,1,drug,34.287695661881926
d74,1,drug,35.68449704071606
d75,1,drug,40.975684124385225
d76,1,drug,37.307494511301876
d77,1,drug,35.959136493106286
d78,1,drug,34.96045916039837
d79,1,drug,32.6037426581005
d80,1,drug,34.713925271578034
d81,1,drug,35.45984969999185
d82,1,drug,37.05595055105495
d83,1,drug,33.264892672419414
d84,1,drug,39.092269712975565
d85,1,drug,35.42428830393223
d86,1,drug,34.238954500662445
d87,1,drug,34.52156219728707
d88,1,drug,37.84248792254553
d89,1,drug,37.089668131287276
d90,1,drug,40.43998396376692
d91,1,drug,37.28268594709911
d92,1,drug,38.92631745737036
d93,1,drug,41.19428058062551
d94,1,drug,34.86019495196495
d95,1,drug,37.622932318136705
d96,1,drug,35.56304611387125
d97,1,drug,38.543160858127926
d98,1,drug,34.50004238787783
d99,1,drug,39.94041681079801
c0,2,ctrl,19.511058846473006
c1,2,ctrl,15.732423956298252
c2,2,ctrl,19.480058173400945
c3,2,ctrl,16.907338960871066
c4,2,ctrl,18.25443943242329
c5,2,ctrl,21.270867066610368
c6,2,ctrl,21.46900452852138
c7,2,ctrl,13.661522131667317
c8,2,ctrl,18.72094355056831
c9,2,ctrl,17.15228641680909
c10,2,ctrl,19.318422832061035
c11,2,ctrl,17.064242790630633
c12,2,ctrl,19.19273074354421
c13,2,ctrl,14.425593344409464
c14,2,ctrl,19.01926631244127
c15,2,ctrl,15.929299018136083
c16,2,ctrl,19.058643204594127
c17,2,ctrl,17.601206587491674
c18,2,ctrl,21.102705217991513
c19,2,ctrl,22.15884077684327
c20,2,ctrl,16.345155712685216
c21,2,ctrl,26.663067871198294
c22,2,ctrl,18.978596548179798
c23,2,ctrl,18.81811338244113
c24,2,ctrl,17.221632348578314
c25,2,ctrl,14.438361028300763
c26,2,ctrl,16.43781953664692
c27,2,ctrl,17.72501151019786
c28,2,ctrl,20.382398569979813
c29,2,ctrl,15.541593390892656
c30,2,ctrl,15.263607025960761
c31,2,ctrl,17.39662812612004
c32,2,ctrl,16.512215402108247
c33,2,ctrl,15.542970263044236
c34,2,ctrl,18.22057483606371
c35,2,ctrl,16.493101575440715
c36,2,ctrl,20.813888632456496
c37,2,ctrl,20.317633247000632
c38,2,ctrl,12.327107513284336
c39,2,ctrl,17.129573405667063
c40,2,ctrl,17.58993649330986
c41,2,ctrl,21.041451475912275
c42,2,ctrl,16.432865238179247
c43,2,ctrl,17.312650480276005
c44,2,ctrl,20.868643596284976
c45,2,ctrl,20.899922435187673
c46,2,ctrl,19.755461263399443
c47,2,ctrl,14.790237973464226
c48,2,ctrl,21.805769419694197
c49,2,ctrl,17.550091705877165
c50,2,ctrl,17.059631580960158
c51,2,ctrl,19.15087302665421
c52,2,ctrl,21.638553651844436
c53,2,ctrl,18.603767219688617
c54,2,ctrl,17.9058333235069
c55,2,ctrl,20.07883257476286
c56,2,ctrl,23.748423671888983
c57,2,ctrl,15.650993892353094
c58,2,ctrl,18.279556446355446
c59,2,ctrl,24.348580082778653
c60,2,ctrl,19.00899603856339
c61,2,ctrl,13.287914031701051
c62,2,ctrl,21.19363007966224
c63,2,ctrl,16.88602934048356
c64,2,ctrl,14.824204902686292
c65,2,ctrl,19.588752920488634
c66,2,ctrl,17.25391082226918
c67,2,ctrl,16.994275196007045
c68,2,ctrl,16.658398932969188
c69,2,ctrl,20.057811004166208
c70,2,ctrl,18.06297975818636
c71,2,ctrl,21.793840320885643
c72,2,ctrl,18.924027876684338
c73,2,ctrl,16.798419594577773
c74,2,ctrl,20.60583185755334
c75,2,ctrl,20.74718996641717
c76,2,ctrl,12.667724065230704
c77,2,ctrl,19.89801082850489
c78,2,ctrl,17.287047824693246
c79,2,ctrl,19.201028528178803
c80,2,ctrl,19.17000172050691
c81,2,ctrl,24.772504868414796
c82,2,ctrl,23.04771529182465
c83,2,ctrl,19.868508545599887
c84,2,ctrl,16.525728533130703
c85,2,ctrl,15.96643793855801
c86,2,ctrl,17.55775783913867
c87,2,ctrl,19.267618754940717
c88,2,ctrl,17.33305458940686
c89,2,ctrl,15.859844945005356
c90,2,ctrl,21.898287142222756
c91,2,ctrl,15.268277838429217
c92,2,ctrl,19.8951062454144
c93,2,ctrl,15.001400076330015
c94,2,ctrl,18.440926195387608
c95,2,ctrl,15.810672896003057
c96,2,ctrl,18.29402114066641
c97,2,ctrl,15.604579161046635
c98,2,ctrl,13.297213377646486
c99,2,ctrl,18.455856818717606
d0,2,drug,31.628769299311976
d1,2,drug,32.86841257556887
d2,2,drug,40.93347630990495
d3,2,drug,41.33550879399358
d4,2,drug,37.00842999087248
d5,2,drug,35.53224057738754
d6,2,drug,37.61130801563919
d7,2,drug,32.159640928807605
d8,2,drug,34.24687622201057
d9,2,drug,30.305434807332045
d10,2,drug,34.442335149857584
d11,2,drug,33.21631212151893
d12,2,drug,33.959472120954686
d13,2,drug,36.33682689431786
d14,2,drug,37.17947797153667
d15,2,drug,32.21748067106061
d16,2,drug,33.308881572963315
d17,2,drug,36.86932275706397
d18,2,drug,32.73027705800691
d19,2,drug,35.508493893053476
d20,2,drug,35.21917945206566
d21,2,drug,33.22162447643382
d22,2,drug,29.688554760149422
d23,2,drug,33.59596161313752
d24,2,drug,35.99165365030003
d25,2,drug,31.8378935743203
d26,2,drug,30.158318221769033
d27,2,drug,33.6212365622017
d28,2,drug,33.87673203599504
d29,2,drug,32.669808213216896
d30,2,drug,31.685887012961317
d31,2,drug,31.537776668850128
d32,2,drug,30.676882005246437
d33,2,drug,33.99604104902421
d34,2,drug,29.61023036100675
d35,2,drug,28.721042367206074
d36,2,drug,33.39649649090348
d37,2,drug,38.331216822072406
d38,2,drug,39.80333402466641
d39,2,drug,28.06783987980405
d40,2,drug,34.34953229747826
d41,2,drug,34.35793295024785
d42,2,drug,35.409361327693276
d43,2,drug,36.13431533565863
d44,2,drug,32.44967359058002
d45,2,drug,32.369324898882546
d46,2,drug,33.02509284852099
d47,2,drug,34.20072095571318
d48,2,drug,28.107581119392343
d49,2,drug,31.588788354230807
d50,2,drug,30.091910444548347
d51,2,drug,32.94706056424876
d52,2,drug,33.827679206536146
d53,2,drug,32.083759376382346
d54,2,drug,35.15118851726228
d55,2,drug,32.38350675116483
d56,2,drug,36.726332743168356
d57,2,drug,32.00152155747438
d58,2,drug,33.813015730792024
d59,2,drug,31.364297865480168
d60,2,drug,32.95219312175237
d61,2,drug,35.48235412334339
d62,2,drug,32.67600860246583
d63,2,drug,32.572923980781404
d64,2,drug,34.97607022618068
d65,2,drug,35.729539768038656
d66,2,drug,31.987291840198413
d67,2,drug,34.34110984217031
d68,2,drug,27.671713350036995
d69,2,drug,33.65769172358322
d70,2,drug,29.822355036264412
d71,2,drug,35.32275028324173
d72,2,drug,28.17146785767738
d73,2,drug,33.06053835151016
d74,2,drug,29.965771151636964
d75,2,drug,33.47034239263985
d76,2,drug,31.569340251981423
d77,2,drug,39.862794911937684
d78,2,drug,33.312384948375104
d79,2,drug,30.336884612947422
d80,2,drug,34.507634244758314
d81,2,drug,30.346330907695894
d82,2,drug,29.208923760699243
d83,2,drug,33.82320626323715
d84,2,drug,28.040947642989558
d85,2,drug,33.417841959260286
d86,2,drug,32.55276500120314
d87,2,drug,35.94559789800076
d88,2,drug,31.891480034858358
d89,2,drug,34.84738475189988
d90,2,drug,32.61287886291377
d91,2,drug,32.78486089156865
d92,2,drug,32.16060790369229
d93,2,drug,32.65842655179402
d94,2,drug,33.23194106241837
d95,2,drug,33.47429697994897
d96,2,drug,27.87832019348976
d97,2,drug,34.959465195451195
d98,2,drug,32.41753859605126
d99,2,drug,30.038971431473573
c0,3,ctrl,17.505506774347012
c1,3,ctrl,15.863318026801068
c2,3,ctrl,18.058993739663116
c3,3,ctrl,17.57385882897588
c4,3,ctrl,15.325834333399595
c5,3,ctrl,18.56459686442688
c6,3,ctrl,15.830851254084028
c7,3,ctrl,19.046038097094367
c8,3,ctrl,12.23685462004072
c9,3,ctrl,18.40538899940509
c10,3,ctrl,16.552897197632014
c11,3,ctrl,17.001788413639744
c12,3,ctrl,21.71973608033409
c13,3,ctrl,17.105457869120162
c14,3,ctrl,18.891077234885223
c15,3,ctrl,20.57820549200492
c16,3,ctrl,21.806357732026175
c17,3,ctrl,15.458797219548442
c18,3,ctrl,20.82103687966493
c19,3,ctrl,15.681878501580565
c20,3,ctrl,15.018071542427077
c21,3,ctrl,21.437148543849727
c22,3,ctrl,16.241907622334637
c23,3,ctrl,18.61051767698992
c24,3,ctrl,20.58086477694754
c25,3,ctrl,22.042349755474266
c26,3,ctrl,17.862924406851583
c27,3,ctrl,17.37997162932
c28,3,ctrl,17.008187625342146
c29,3,ctrl,17.916132431653338
c30,3,ctrl,20.582295114790156
c31,3,ctrl,13.02544440015427
c32,3,ctrl,17.304915707224676
c33,3,ctrl,19.914238565271454
c34,3,ctrl,19.86037392000667
c35,3,ctrl,13.692016690086643
c36,3,ctrl,20.575981065782695
c37,3,ctrl,18.14928692673234
c38,3,ctrl,15.664460406108892
c39,3,ctrl,15.34389715777893
c40,3,ctrl,16.426385348426653
c41,3,ctrl,17.244288937845752
c42,3,ctrl,20.599097237214714
c43,3,ctrl,15.672575868068447
c44,3,ctrl,14.805927298399377
c45,3,ctrl,15.639199935152556
c46,3,ctrl,17.202981442599
c47,3,ctrl,12.789322791112768
c48,3,ctrl,21.175778861731278
c49,3,ctrl,18.077194382451594
c50,3,ctrl,19.632939630358262
c51,3,ctrl,19.39586725571006
c52,3,ctrl,18.340993841483588
c53,3,ctrl,17.15665397215818
c54,3,ctrl,14.657087372787183
c55,3,ctrl,16.971272619093988
c56,3,ctrl,17.730559515092093
c57,3,ctrl,19.30729340787746
c58,3,ctrl,20.390374946620664
c59,3,ctrl,21.008301481588408
c60,3,ctrl,15.559421195447724
c61,3,ctrl,17.812118573952716
c62,3,ctrl,18.882016457107817
c63,3,ctrl,18.12259365387004
c64,3,ctrl,21.21504366775407
c65,3,ctrl,17.331936746452392
c66,3,ctrl,21.310595055240682
c67,3,ctrl,17.33102019556506
c68,3,ctrl,16.826484443280048
c69,3,ctrl,14.43560929638414
c70,3,ctrl,20.013730265367354
c71,3,ctrl,21.386922849642723
c72,3,ctrl,20.063897953667563
c73,3,ctrl,17.353276023821213
c74,3,ctrl,19.893748811057876
c75,3,ctrl,16.23886074225243
c76,3,ctrl,21.028296268462405
c77,3,ctrl,13.3944145649135
c78,3,ctrl,17.079386089681197
c79,3,ctrl,14.130018591474798
c80,3,ctrl,16.87081932337245
c81,3,ctrl,15.156144003360625
c82,3,ctrl,17.660308119307036
c83,3,ctrl,19.585947734472732
c84,3,ctrl,17.966105204923874
c85,3,ctrl,18.939742068319887
c86,3,ctrl,17.408544117850614
c87,3,ctrl,20.447853340115607
c88,3,ctrl,20.734370494938037
c89,3,ctrl,14.54094460941472
c90,3,ctrl,20.525334707164298
c91,3,ctrl,20.181657815579662
c92,3,ctrl,20.59403083787261
c93,3,ctrl,18.75636925408882
c94,3,ctrl,14.754706296764265
c95,3,ctrl,20.119659295312307
c96,3,ctrl,17.327809001579205
c97,3,ctrl,18.754957480014994
c98,3,ctrl,12.320236253455828
c99,3,ctrl,19.894012469131333
d0,3,drug,32.19012796353077
d1,3,drug,35.390549983370036
d2,3,drug,33.22175639073902
d3,3,drug,29.643662009935383
d4,3,drug,34.16476175697954
d5,3,drug,26.5497142589173
d6,3,drug,39.6448491837241
d7,3,drug,37.68893473358106
d8,3,drug,32.077048909237156
d9,3,drug,27.804329581145673
d10,3,drug,30.34965551440254
d11,3,drug,31.78134735093659
d12,3,drug,30.899059358543198
d13,3,drug,31.781870002974408
d14,3,drug,32.67196420187969
d15,3,drug,28.762065112892095
d16,3,drug,30.33240570109076
d17,3,drug,29.79275368748832
d18,3,drug,30.535547618667078
d19,3,drug,31.731740142829594
d20,3,drug,25.22953804215849
d21,3,drug,30.291333290146234
d22,3,drug,34.387935414191205
d23,3,drug,29.011085912852394
d24,3,drug,27.668541358095403
d25,3,drug,28.316088613001934
d26,3,drug,31.786330119979244
d27,3,drug,25.52499020230961
d28,3,drug,30.560757132386943
d29,3,drug,21.975111545054887
d30,3,drug,33.808962078948824
d31,3,drug,29.82596085212863
d32,3,drug,33.413975497981625
d33,3,drug,28.603261660708107
d34,3,drug,30.688483689852944
d35,3,drug,36.0022957783032
d36,3,drug,27.472412197611323
d37,3,drug,32.35626719792806
d38,3,drug,24.44622294074869
d39,3,drug,23.535581027501404
d40,3,drug,31.72230340539486
d41,3,drug,30.10318643550675
d42,3,drug,28.755683288857877
d43,3,drug,29.975381781321296
d44,3,drug,28.705849190701546
d45,3,drug,30.75544206302068
d46,3,drug,31.933602493860523
d47,3,drug,32.470522121216156
d48,3,drug,30.044000517307744
d49,3,drug,32.049515385049446
d50,3,drug,31.719399239486997
d51,3,drug,30.982895480622773
d52,3,drug,28.722842016280268
d53,3,drug,23.119905843305183
d54,3,drug,29.51982729440195
d55,3,drug,29.414827773252245
d56,3,drug,25.996465146179535
d57,3,drug,31.977565374213054
d58,3,drug,30.03216721046181
d59,3,drug,26.62872028895387
d60,3,drug,32.165147932054516
d61,3,drug,31.97823745100039
d62,3,drug,32.94238128422687
d63,3,drug,27.086420666241075
d64,3,drug,31.345615243761394
d65,3,drug,27.892848620727563
d66,3,drug,22.81257780033618
d67,3,drug,28.678735909718334
d68,3,drug,29.19727752322462
d69,3,drug,35.455689777086256
d70,3,drug,30.82175614018209
d71,3,drug,33.62000355219012
d72,3,drug,28.90678189364044
d73,3,drug,32.278686212825804
d74,3,drug,27.182929290857174
d75,3,drug,32.78683473157889
d76,3,drug,26.933581420870482
d77,3,drug,33.3881814038321
d78,3,drug,29.777855832290278
d79,3,drug,28.262627190656705
d80,3,drug,27.463819898256588
d81,3,drug,32.17804003429616
d82,3,drug,27.70130193082995
d83,3,drug,30.71907780356591
d84,3,drug,28.668019068043478
d85,3,drug,30.414104465138497
d86,3,drug,30.041680933558172
d87,3,drug,28.421419371101436
d88,3,drug,27.489960483302948
d89,3,drug,26.719753671183387
d90,3,drug,31.117065616991198
d91,3,drug,30.371329965051412
d92,3,drug,34.590770400776535
d93,3,drug,30.349168946221585
d94,3,drug,25.587015373293376
d95,3,drug,33.619010132235886
d96,3,drug,27.145553263979355
d97,3,drug,31.866005384256745
d98,3,drug,28.827430490630977
d99,3,drug,31.967453663109282
c0,4,ctrl,17.544947912939044
c1,4,ctrl,15.491548205674896
c2,4,ctrl,15.65769472231955
c3,4,ctrl,15.639323498906602
c4,4,ctrl,16.18119687286374
c5,4,ctrl,23.163715343216822
c6,4,ctrl,18.340153233765644
c7,4,ctrl,18.50453465957515
c8,4,ctrl,21.176887261197265
c9,4,ctrl,15.491313663221181
c10,4,ctrl,16.169155474379018
c11,4,ctrl,16.380019717386972
c12,4,ctrl,16.036196404190765
c13,4,ctrl,22.336827957983694
c14,4,ctrl,16.884615351419008
c15,4,ctrl,14.900199179285185
c16,4,ctrl,17.270533884007463
c17,4,ctrl,16.349651822892962
c18,4,ctrl,15.270505837660638
c19,4,ctrl,19.412142281805277
c20,4,ctrl,13.138649294261299
c21,4,ctrl,18.659828059126106
c22,4,ctrl,21.846884148757884
c23,4,ctrl,23.992682668084896
c24,4,ctrl,21.89052092745811
c25,4,ctrl,17.493292943188923
c26,4,ctrl,17.727734345904725
c27,4,ctrl,20.83800416867094
c28,4,ctrl,20.524483855726068
c29,4,ctrl,15.71644826290426
c30,4,ctrl,12.426852667278503
c31,4,ctrl,16.843174215894564
c32,4,ctrl,22.070519089468277
c33,4,ctrl,17.81025058237864
c34,4,ctrl,14.513668211696595
c35,4,ctrl,16.05000424321826
c36,4,ctrl,19.746576925747522
c37,4,ctrl,19.18228366162101
c38,4,ctrl,17.31887047807259
c39,4,ctrl,18.46198188878378
c40,4,ctrl,17.152541169767723
c41,4,ctrl,17.644219231161244
c42,4,ctrl,14.37738518035485
c43,4,ctrl,14.693208749096268
c44,4,ctrl,16.222743943502582
c45,4,ctrl,16.484539724725597
c46,4,ctrl,15.319394319051789
c47,4,ctrl,19.363635074307222
c48,4,ctrl,19.347931113191773
c49,4,ctrl,20.997059846291922
c50,4,ctrl,17.807899150737008
c51,4,ctrl,16.266530372223787
c52,4,ctrl,15.632559868524412
c53,4,ctrl,12.328450094384747
c54,4,ctrl,18.5339752520755
c55,4,ctrl,14.837355764953005
c56,4,ctrl,20.409242162246827
c57,4,ctrl,19.295858787889742
c58,4,ctrl,19.475065315787816
c59,4,ctrl,20.827952977300562
c60,4,ctrl,17.727315093580938
c61,4,ctrl,17.854584707118597
c62,4,ctrl,15.893710018815433
c63,4,ctrl,16.117635989268567
c64,4,ctrl,16.793586713596156
c65,4,ctrl,19.311369615586333
c66,4,ctrl,17.338540799088836
c67,4,ctrl,18.88251295865358
c68,4,ctrl,18.55956029772666
c69,4,ctrl,17.069502524746394
c70,4,ctrl,24.618547473207755
c71,4,ctrl,18.333225605068577
c72,4,ctrl,20.025244668497727
c73,4,ctrl,12.83386569053761
c74,4,ctrl,17.178979801520676
c75,4,ctrl,18.713622486365658
c76,4,ctrl,20.28182064668726
c77,4,ctrl,15.78651200692129
c78,4,ctrl,19.657233037750114
c79,4,ctrl,14.129806472396442
c80,4,ctrl,16.6103139361343
c81,4,ctrl,17.476503049391106
c82,4,ctrl,22.59967733795773
c83,4,ctrl,17.96991058019447
c84,4,ctrl,21.860623903920832
c85,4,ctrl,12.537115491855044
c86,4,ctrl,15.736865898051976
c87,4,ctrl,18.532664797740512
c88,4,ctrl,15.585710843881806
c89,4,ctrl,20.52372442967102
c90,4,ctrl,15.469471948135032
c91,4,ctrl,20.2626321573322
c92,4,ctrl,15.717526693460208
c93,4,ctrl,16.874079192462233
c94,4,ctrl,20.60179373820563
c95,4,ctrl,16.111187276788346
c96,4,ctrl,19.06104562069526
c97,4,ctrl,18.166110755827674
c98,4,ctrl,17.780011486245897
c99,4,ctrl,22.886075222257034
d0,4,drug,28.41985845412484
d1,4,drug,26.74590506404539
d2,4,drug,27.173127404586317
d3,4,drug,24.095995133179308
d4,4,drug,27.81756539131805
d5,4,drug,28.41833355141105
d6,4,drug,29.25398064596855
d7,4,drug,31.69285717659448
d8,4,drug,28.076533187835164
d9,4,drug,24.023039362849524
d10,4,drug,27.565530327852517
d11,4,drug,25.576708574210315
d12,4,drug,25.169348225658084
d13,4,drug,25.22064603620828
d14,4,drug,27.14218040306565
d15,4,drug,24.941252820916674
d16,4,drug,27.766589631446724
d17,4,drug,22.415315661781406
d18,4,drug,19.76939898658715
d19,4,drug,26.603521699723217
d20,4,drug,23.170995442260125
d21,4,drug,25.555134332520517
d22,4,drug,22.235236157883804
d23,4,drug,21.9776434580944
d24,4,drug,27.597239957574107
d25,4,drug,25.728867787119363
d26,4,drug,26.87934574051017
d27,4,drug,26.912432374527732
d28,4,drug,25.181732735712657
d29,4,drug,30.79590517481544
d30,4,drug,27.902563540863447
d31,4,drug,33.442444197577885
d32,4,drug,30.968303106182145
d33,4,drug,28.719194040387205
d34,4,drug,26.95446913223847
d35,4,drug,25.526044830202324
d36,4,drug,25.174584299437907
d37,4,drug,27.33595702860904
d38,4,drug,29.428883908123264
d39,4,drug,24.354051393195313
d40,4,drug,26.92848618429051
d41,4,drug,23.869306214729754
d42,4,drug,27.266494055748275
d43,4,drug,28.355643332967293
d44,4,drug,29.478047127006604
d45,4,drug,27.718032465495337
d46,4,drug,25.41007545339685
d47,4,drug,26.053742993602082
d48,4,drug,27.040807170851622
d49,4,drug,26.47603011885963
d50,4,drug,27.803610678235927
d51,4,drug,27.58379842304123
d52,4,drug,29.537380721868004
d53,4,drug,23.58664189544246
d54,4,drug,27.691327635227232
d55,4,drug,24.61196029044301
d56,4,drug,26.34871844800587
d57,4,drug,23.68127254317178
d58,4,drug,27.093269139636625
d59,4,drug,23.368398315222144
d60,4,drug,24.93099565625019
d61,4,drug,32.73048411452747
d62,4,drug,28.56971919611542
d63,4,drug,29.381763108773264
d64,4,drug,24.9259306534749
d65,4,drug,29.901165927180735
d66,4,drug,26.22118723626933
d67,4,drug,25.651522442949883
d68,4,drug,28.351081888417283
d69,4,drug,27.35173764116832
d70,4,drug,30.095656032840598
d71,4,drug,23.78606534896536
d72,4,drug,25.048914551215937
d73,4,drug,25.83456968403689
d74,4,drug,27.24235085829602
d75,4,drug,25.85442400430996
d76,4,drug,26.80158420986061
d77,4,drug,26.204286715961164
d78,4,drug,29.29885911439455
d79,4,drug,25.59705664320058
d80,4,drug,25.97471997697957
d81,4,drug,27.17031427058962
d82,4,drug,26.752702199097627
d83,4,drug,27.598149652186418
d84,4,drug,23.831260014601412
d85,4,drug,27.22892811072287
d86,4,drug,26.576617455923703
d87,4,drug,24.785755264510428
d88,4,drug,22.885980088444335
d89,4,drug,27.424493797832312
d90,4,drug,26.655353259172422
d91,4,drug,26.821264705636757
d92,4,drug,26.034450236276776
d93,4,drug,30.3623756798605
d94,4,drug,24.29685357196203
d95,4,drug,26.842303008237327
d96,4,drug,25.741098784980224
d97,4,drug,21.872735592376568
d98,4,drug,27.21814495188051
d99,4,drug,23.676385955509403
c0,5,ctrl,19.89094221981855
c1,5,ctrl,20.060723003761584
c2,5,ctrl,18.949183055000784
c3,5,ctrl,19.310559129884307
c4,5,ctrl,16.868216762207297
c5,5,ctrl,19.71898196687831
c6,5,ctrl,20.29186737881981
c7,5,ctrl,20.799290254196467
c8,5,ctrl,21.158862090826347
c9,5,ctrl,14.359736006176671
c10,5,ctrl,18.803217347296837
c11,5,ctrl,11.90743325146499
c12,5,ctrl,20.433434277325162
c13,5,ctrl,16.393797183125322
c14,5,ctrl,18.73208140892945
c15,5,ctrl,16.84004684496021
c16,5,ctrl,18.966834100508137
c17,5,ctrl,19.681241106333356
c18,5,ctrl,15.272560117462731
c19,5,ctrl,16.682491449503345
c20,5,ctrl,17.238992885176575
c21,5,ctrl,19.927046083440988
c22,5,ctrl,17.4106225753293
c23,5,ctrl,17.555542687065394
c24,5,ctrl,23.721588228333108
c25,5,ctrl,11.677631222788285
c26,5,ctrl,19.41938388524066
c27,5,ctrl,18.183881377235952
c28,5,ctrl,19.87081046680944
c29,5,ctrl,20.286641607778208
c30,5,ctrl,21.130578906568257
c31,5,ctrl,15.788178496903328
c32,5,ctrl,20.93902370186584
c33,5,ctrl,19.199240521143146
c34,5,ctrl,16.52508141483469
c35,5,ctrl,20.155422296245256
c36,5,ctrl,14.318357184385581
c37,5,ctrl,19.63077549591143
c38,5,ctrl,17.620775086803338
c39,5,ctrl,21.35809220780315
c40,5,ctrl,16.35128984384266
c41,5,ctrl,16.97733551723848
c42,5,ctrl,17.15354879402578
c43,5,ctrl,17.00845328653588
c44,5,ctrl,14.354395384283333
c45,5,ctrl,17.972733519580125
c46,5,ctrl,16.08356756081341
c47,5,ctrl,20.105431225806242
c48,5,ctrl,19.979698003544552
c49,5,ctrl,14.705930686653385
c50,5,ctrl,18.032882591394678
c51,5,ctrl,18.383075069283347
c52,5,ctrl,16.034012423970395
c53,5,ctrl,21.420263047836304
c54,5,ctrl,18.010021988833916
c55,5,ctrl,19.132985510899932
c56,5,ctrl,16.9840532751717
c57,5,ctrl,19.710298723317027
c58,5,ctrl,25.209923129439595
c59,5,ctrl,16.529528062150163
c60,5,ctrl,18.913063517939914
c61,5,ctrl,18.80777375347197
c62,5,ctrl,19.456010661683994
c63,5,ctrl,17.97885628449995
c64,5,ctrl,13.6908714154816
c65,5,ctrl,15.436156863082457
c66,5,ctrl,19.33731898437197
c67,5,ctrl,13.874937012939109
c68,5,ctrl,19.672368272660364
c69,5,ctrl,18.700805758759337
c70,5,ctrl,19.00679378166111
c71,5,ctrl,19.4879787866838
c72,5,ctrl,17.887762694636937
c73,5,ctrl,19.61336610770536
c74,5,ctrl,15.181352125267768
c75,5,ctrl,18.561286051831924
c76,5,ctrl,18.26427737552347
c77,5,ctrl,15.496633039891046
c78,5,ctrl,17.53454588864283
c79,5,ctrl,22.994878794421833
c80,5,ctrl,19.431391878993082
c81,5,ctrl,14.578209497323222
c82,5,ctrl,15.1056998846846
c83,5,ctrl,20.664565574481387
c84,5,ctrl,13.862508001908825
c85,5,ctrl,21.692838455719098
c86,5,ctrl,15.667847644664409
c87,5,ctrl,18.326052293134563
c88,5,ctrl,17.922428256072685
c89,5,ctrl,17.780790650435662
c90,5,ctrl,19.5443986769407
c91,5,ctrl,25.21437948848069
c92,5,ctrl,22.39955275090225
c93,5,ctrl,20.728327268822667
c94,5,ctrl,12.466348481522019
c95,5,ctrl,17.940048095253488
c96,5,ctrl,21.09313378171846
c97,5,ctrl,16.859519834647667
c98,5,ctrl,23.31186349878279
c99,5,ctrl,18.6018557114705
d0,5,drug,23.85339021839958
d1,5,drug,21.815000200131315
d2,5,drug,23.69303574933893
d3,5,drug,26.279491405783272
d4,5,drug,23.731339713143036
d5,5,drug,22.181322913488053
d6,5,drug,27.989407253201048
d7,5,drug,26.46936756835104
d8,5,drug,22.779722457708846
d9,5,drug,25.57423701407559
d10,5,drug,22.866500753922253
d11,5,drug,25.522748978574835
d12,5,drug,21.869377623353785
d13,5,drug,23.86362592671215
d14,5,drug,26.726986568353695
d15,5,drug,19.38414596361541
d16,5,drug,22.968915445965017
d17,5,drug,22.961334926220886
d18,5,drug,20.74560852695064
d19,5,drug,21.15975256365
d20,5,drug,19.505906054579505
d21,5,drug,22.34610764127452
d22,5,drug,30.373214246934253
d23,5,drug,19.90581093965712
d24,5,drug,24.01579415454325
d25,5,drug,25.35428162818549
d26,5,drug,23.6697499040242
d27,5,drug,23.053159253858215
d28,5,drug,28.851557011669662
d29,5,drug,21.395314072272082
d30,5,drug,23.28601555167908
d31,5,drug,22.5026934355197
d32,5,drug,23.044149054884944
d33,5,drug,21.535047971062664
d34,5,drug,20.588808569972723
d35,5,drug,21.94116643999549
d36,5,drug,19.796532961125358
d37,5,drug,21.7094501520739
d38,5,drug,25.359069830674585
d39,5,drug,27.81215650137065
d40,5,drug,26.99354336948981
d41,5,drug,20.943736756508446
d42,5,drug,18.940591174948178
d43,5,drug,24.134279369165224
d44,5,drug,22.659274093942155
d45,5,drug,24.26785633818233
d46,5,drug,25.537880463481894
d47,5,drug,26.26266360100261
d48,5,drug,28.131464103497027
d49,5,drug,21.892950781000195
d50,5,drug,23.841486696615057
d51,5,drug,25.222634004725297
d52,5,drug,25.76133856951325
d53,5,drug,21.320661081030224
d54,5,drug,25.034396621033448
d55,5,drug,23.137436814906692
d56,5,drug,27.1004745455303
d57,5,drug,24.258572544540467
d58,5,drug,18.64537096399113
d59,5,drug,22.29087464579623
d60,5,drug,21.04800493102342
d61,5,drug,26.952505404543246
d62,5,drug,21.334861854594717
d63,5,drug,22.142385194212896
d64,5,drug,21.78518687621821
d65,5,drug,22.760454162143013
d66,5,drug,25.318469219071755
d67,5,drug,23.245621512782744
d68,5,drug,24.889110972316477
d69,5,drug,27.32033028285913
d70,5,drug,24.59518564237926
d71,5,drug,24.429647062925767
d72,5,drug,26.7919206170222
d73,5,drug,23.965777861979632
d74,5,drug,27.207274391536174
d75,5,drug,21.175072385457202
d76,5,drug,25.896803610222634
d77,5,drug,21.253489411074664
d78,5,drug,23.242739879018856
d79,5,drug,27.749026404260775
d80,5,drug,24.365356355332686
d81,5,drug,28.758541040480136
d82,5,drug,23.23448401407531
d83,5,drug,22.857336652340884
d84,5,drug,18.028464815789725
d85,5,drug,21.845502050235485
d86,5,drug,22.664015411742355
d87,5,drug,20.843489286309456
d88,5,drug,21.442002896951433
d89,5,drug,25.34616502810401
d90,5,drug,28.291256935587814
d91,5,drug,24.44780976174927
d92,5,drug,22.860079124887577
d93,5,drug,24.81672924774917
d94,5,drug,25.704912210033232
d95,5,drug,22.155028232295535
d96,5,drug,27.315862100823338
d97,5,drug,26.317508809992418
d98,5,drug,24.532730620625983
d99,5,drug,27.320832730345288
c0,6,ctrl,17.47283161506818
c1,6,ctrl,16.307712085427962
c2,6,ctrl,18.337794440618627
c3,6,ctrl,17.589367414657044
c4,6,ctrl,20.749301319551538
c5,6,ctrl,16.53565836136206
c6,6,ctrl,20.581634386638797
c7,6,ctrl,16.03293869436242
c8,6,ctrl,22.04435490355762
c9,6,ctrl,22.417154379181504
c10,6,ctrl,18.066785694504034
c11,6,ctrl,16.26531199481319
c12,6,ctrl,22.938320428143864
c13,6,ctrl,14.949032520836305
c14,6,ctrl,15.17125403786686
c15,6,ctrl,24.317677301956728
c16,6,ctrl,16.1579628958687
c17,6,ctrl,18.62478420261682
c18,6,ctrl,16.981996070095867
c19,6,ctrl,16.679166620852733
c20,6,ctrl,19.750113180786713
c21,6,ctrl,18.18639952677634
c22,6,ctrl,17.770479871377514
c23,6,ctrl,15.973599710206575
c24,6,ctrl,22.999644601143505
c25,6,ctrl,16.023818222775844
c26,6,ctrl,21.18008731967319
c27,6,ctrl,18.30851677353849
c28,6,ctrl,17.6382005863881
c29,6,ctrl,18.158499817808373
c30,6,ctrl,18.077619880116774
c31,6,ctrl,13.652251817870123
c32,6,ctrl,18.21623514134459
c33,6,ctrl,16.772385077210753
c34,6,ctrl,11.314112628630777
c35,6,ctrl,19.610898406081525
c36,6,ctrl,17.637366097565256
c37,6,ctrl,20.029227629696653
c38,6,ctrl,17.387969201930538
c39,6,ctrl,16.25912314522403
c40,6,ctrl,19.122747085611174
c41,6,ctrl,15.942280347512483
c42,6,ctrl,16.993761007576236
c43,6,ctrl,21.46445941613627
c44,6,ctrl,19.461301857768014
c45,6,ctrl,17.37962546084078
c46,6,ctrl,18.82119459453569
c47,6,ctrl,20.857683563603935
c48,6,ctrl,19.7895932493596
c49,6,ctrl,21.377003412542685
c50,6,ctrl,17.56635976594599
c51,6,ctrl,18.079809164725066
c52,6,ctrl,15.849073809287198
c53,6,ctrl,21.54469734964287
c54,6,ctrl,17.45909602121231
c55,6,ctrl,15.461276607208344
c56,6,ctrl,16.185061718935472
c57,6,ctrl,21.06926373310177
c58,6,ctrl,15.18378634242029
c59,6,ctrl,16.495743755330732
c60,6,ctrl,18.667162052022384
c61,6,ctrl,15.429823293766571
c62,6,ctrl,22.051170996864023
c63,6,ctrl,18.197564297421355
c64,6,ctrl,16.576065882050955
c65,6,ctrl,17.629267606513057
c66,6,ctrl,17.623779848830846
c67,6,ctrl,15.780097163088385
c68,6,ctrl,18.71687736813
c69,6,ctrl,18.71493235629559
c70,6,ctrl,18.768575629661637
c71,6,ctrl,16.356202148872608
c72,6,ctrl,17.687037907293245
c73,6,ctrl,15.739586976891612
c74,6,ctrl,18.199275022720784
c75,6,ctrl,19.22308441208395
c76,6,ctrl,12.330307697271605
c77,6,ctrl,14.409019928052981
c78,6,ctrl,19.480848553027425
c79,6,ctrl,17.687043902628137
c80,6,ctrl,16.6569521228937
c81,6,ctrl,15.825108363680782
c82,6,ctrl,18.524648711456695
c83,6,ctrl,16.37139103950196
c84,6,ctrl,19.91103774260414
c85,6,ctrl,15.35125067211322
c86,6,ctrl,17.424910483620934
c87,6,ctrl,22.71176513613391
c88,6,ctrl,16.625470550043943
c89,6,ctrl,18.626744949055997
c90,6,ctrl,18.657370671037945
c91,6,ctrl,19.012322681438008
c92,6,ctrl,13.993788674590428
c93,6,ctrl,17.848792462460352
c94,6,ctrl,16.2561735221274
c95,6,ctrl,18.37594526248773
c96,6,ctrl,17.80548280436035
c97,6,ctrl,18.31303171460489
c98,6,ctrl,15.503834820789068
c99,6,ctrl,17.36006196476841
d0,6,drug,24.697792452793863
d1,6,drug,22.189865900667645
d2,6,drug,20.535485994693914
d3,6,drug,23.635106187033504
d4,6,drug,19.035309604472364
d5,6,drug,24.29755001408525
d6,6,drug,20.56927783807035
d7,6,drug,16.38492600871199
d8,6,drug,19.18810658268419
d9,6,drug,20.965485574288245
d10,6,drug,22.46110673973938
d11,6,drug,18.301377620784816
d12,6,drug,22.78673956817088
d13,6,drug,21.558943786758764
d14,6,drug,18.734783052639404
d15,6,drug,21.536335092677835
d16,6,drug,17.421653876254418
d17,6,drug,15.323966994597221
d18,6,drug,25.170087819916066
d19,6,drug,22.719293728357766
d20,6,drug,24.673020757130487
d21,6,drug,19.88241417104085
d22,6,drug,23.42303334960686
d23,6,drug,23.116718094373457
d24,6,drug,22.527045234934054
d25,6,drug,19.33677778610371
d26,6,drug,19.652328396056305
d27,6,drug,19.575120509363526
d28,6,drug,17.276641407406352
d29,6,drug,20.8778870323965
d30,6,drug,22.374826492642597
d31,6,drug,24.26209457399132
d32,6,drug,22.305777396446373
d33,6,drug,23.109525115695128
d34,6,drug,21.13921622035513
d35,6,drug,24.90948152154559
d36,6,drug,19.404898162472737
d37,6,drug,19.238151949393636
d38,6,drug,18.383431550455832
d39,6,drug,26.12444692861019
d40,6,drug,21.974857492758403
d41,6,drug,20.430101485405814
d42,6,drug,24.163248440227537
d43,6,drug,25.212577532327153
d44,6,drug,19.923114637720325
d45,6,drug,27.236014044950174
d46,6,drug,22.51569550920638
d47,6,drug,25.743739212250127
d48,6,drug,20.08691504504634
d49,6,drug,20.124699980089773
d50,6,drug,23.24223388965501
d51,6,drug,17.759644324095035
d52,6,drug,19.084744448070435
d53,6,drug,15.409368029495928
d54,6,drug,21.11581889327712
d55,6,drug,20.861622331859664
d56,6,drug,22.062282152382362
d57,6,drug,22.557053786884907
d58,6,drug,20.488525553828925
d59,6,drug,18.741198185483984
d60,6,drug,19.23052997949203
d61,6,drug,20.279393262981078
d62,6,drug,21.93818792707132
d63,6,drug,21.105238296619294
d64,6,drug,20.775107899316463
d65,6,drug,24.28607073647236
d66,6,drug,20.486195234836586
d67,6,drug,18.59720370110764
d68,6,drug,18.80730073822356
d69,6,drug,20.12654865247249
d70,6,drug,22.64890866272914
d71,6,drug,22.697550761276055
d72,6,drug,19.97656502712681
d73,6,drug,20.116705679770643
d74,6,drug,22.073298216521668
d75,6,drug,24.37196967072525
d76,6,drug,20.317771609571764
d77,6,drug,21.459840850690163
d78,6,drug,22.397164469872415
d79,6,drug,17.571691882132203
d80,6,drug,20.17339032130762
d81,6,drug,22.13058318087513
d82,6,drug,19.67370421410319
d83,6,drug,20.29635445249039
d84,6,drug,19.389680315326682
d85,6,drug,18.174934435636793
d86,6,drug,18.095583665144332
d87,6,drug,21.423332732046575
d88,6,drug,20.850754650968003
d89,6,drug,23.764591116493566
d90,6,drug,19.345271810317865
d91,6,drug,20.10373890664532
d92,6,drug,20.82207412469068
d93,6,drug,21.244659502289423
d94,6,drug,25.426670652086543
d95,6,drug,22.790277285874165
d96,6,drug,20.36991326821911
d97,6,drug,25.170448603135835
d98,6,drug,18.91629588646147
d99,6,drug,23.91295445311639
c0,7,ctrl,18.42060346432335
c1,7,ctrl,17.757450598946413
c2,7,ctrl,15.229070898852846
c3,7,ctrl,20.907814335934216
c4,7,ctrl,12.489432699806134
c5,7,ctrl,17.691592806991114
c6,7,ctrl,16.90223820190943
c7,7,ctrl,19.574969042072848
c8,7,ctrl,15.82612323369392
c9,7,ctrl,16.47979729515269
c10,7,ctrl,20.998332026884597
c11,7,ctrl,24.81255201837441
c12,7,ctrl,19.1269074638895
c13,7,ctrl,15.901305688971895
c14,7,ctrl,17.899511311810603
c15,7,ctrl,20.21272472967166
c16,7,ctrl,21.96516285410987
c17,7,ctrl,23.0644480848451
c18,7,ctrl,21.82575257714881
c19,7,ctrl,22.58183357532314
c20,7,ctrl,20.422261394333333
c21,7,ctrl,18.42692732991991
c22,7,ctrl,19.769985949084727
c23,7,ctrl,21.254025561338445
c24,7,ctrl,18.94356506012827
c25,7,ctrl,16.03024717699766
c26,7,ctrl,20.32053088760577
c27,7,ctrl,23.083308292658764
c28,7,ctrl,19.45315727497173
c29,7,ctrl,21.901808559454444
c30,7,ctrl,18.18427894253902
c31,7,ctrl,17.944108222137647
c32,7,ctrl,19.713955234315318
c33,7,ctrl,17.44981726000564
c34,7,ctrl,12.827773761610217
c35,7,ctrl,19.58403278182178
c36,7,ctrl,12.147686208995445
c37,7,ctrl,16.950384801133875
c38,7,ctrl,20.54329792156544
c39,7,ctrl,17.027231148633923
c40,7,ctrl,16.156844596056672
c41,7,ctrl,17.983504491280957
c42,7,ctrl,18.691257380108883
c43,7,ctrl,16.53683065865419
c44,7,ctrl,23.703180268506237
c45,7,ctrl,20.883799717638986
c46,7,ctrl,21.24312634154837
c47,7,ctrl,17.44273368983485
c48,7,ctrl,18.86053365759646
c49,7,ctrl,13.004294780919384
c50,7,ctrl,19.378850453515174
c51,7,ctrl,15.91324941355365
c52,7,ctrl,15.973435469427223
c53,7,ctrl,18.259568405263302
c54,7,ctrl,17.27864917458794
c55,7,ctrl,15.676255789671838
c56,7,ctrl,19.121971968933536
c57,7,ctrl,16.60982960133723
c58,7,ctrl,21.274880809383106
c59,7,ctrl,16.2840103362038
c60,7,ctrl,15.166881822322962
c61,7,ctrl,17.589170669291573
c62,7,ctrl,20.65122795852728
c63,7,ctrl,16.675876243624025
c64,7,ctrl,16.947958475642707
c65,7,ctrl,11.517376530442036
c66,7,ctrl,18.719202694668645
c67,7,ctrl,20.025479105635693
c68,7,ctrl,18.25484411813428
c69,7,ctrl,17.298725920371528
c70,7,ctrl,16.555568207283876
c71,7,ctrl,17.39197221253307
c72,7,ctrl,14.268699565947216
c73,7,ctrl,18.605114588419735
c74,7,ctrl,14.46739818066641
c75,7,ctrl,15.636663469753513
c76,7,ctrl,21.805382149928796
c77,7,ctrl,23.001680060211847
c78,7,ctrl,16.35905253707202
c79,7,ctrl,16.817717014958866
c80,7,ctrl,22.365640795687916
c81,7,ctrl,21.60771895863696
c82,7,ctrl,15.701377038091593
c83,7,ctrl,20.72538223160787
c84,7,ctrl,20.731408404946503
c85,7,ctrl,17.189624504529252
c86,7,ctrl,20.059281520306186
c87,7,ctrl,22.887638609695202
c88,7,ctrl,16.37217370760444
c89,7,ctrl,20.422217120554244
c90,7,ctrl,19.050598126154448
c91,7,ctrl,13.73071277403683
c92,7,ctrl,17.985189819372046
c93,7,ctrl,16.148757484354807
c94,7,ctrl,21.380341896402477
c95,7,ctrl,16.387528644750038
c96,7,ctrl,17.61214297762485
c97,7,ctrl,17.828374367996332
c98,7,ctrl,16.91919999361026
c99,7,ctrl,12.505770183333539
d0,7,drug,20.23064471187467
d1,7,drug,18.359652489899148
d2,7,drug,21.18899330826284
d3,7,drug,16.827532112340904
d4,7,drug,19.185312069429713
d5,7,drug,19.670988047257826
d6,7,drug,14.98821030025719
d7,7,drug,15.872169779576783
d8,7,drug,20.247811323192664
d9,7,drug,20.3429788342657
d10,7,drug,20.38396662924866
d11,7,drug,12.487241338561264
d12,7,drug,12.296735518264786
d13,7,drug,16.470922310202937
d14,7,drug,25.024252858933075
d15,7,drug,18.43961427912513
d16,7,drug,16.423111023368698
d17,7,drug,22.638863850925407
d18,7,drug,18.40072687471135
d19,7,drug,14.442876132592193
d20,7,drug,17.080850366193975
d21,7,drug,13.284279081230594
d22,7,drug,19.887055232944697
d23,7,drug,22.453061445405687
d24,7,drug,19.631573649961577
d25,7,drug,18.593759485101288
d26,7,drug,19.485503566352897
d27,7,drug,15.167664171679297
d28,7,drug,19.24356968197396
d29,7,drug,17.389413702907685
d30,7,drug,20.601703794909596
d31,7,drug,17.33232241607579
d32,7,drug,16.30679078453734
d33,7,drug,16.320980442462094
d34,7,drug,24.564036114461636
d35,7,drug,15.207998399622774
d36,7,drug,20.340633931366508
d37,7,drug,16.58454404062943
d38,7,drug,16.736632696293256
d39,7,drug,15.833956786745201
d40,7,drug,21.49257778607694
d41,7,drug,15.845195064265345
d42,7,drug,17.71210914200878
d43,7,drug,18.026341743617987
d44,7,drug,16.700959100014526
d45,7,drug,17.376071855759452
d46,7,drug,23.609148626820552
d47,7,drug,16.792508502792593
d48,7,drug,12.077549562421119
d49,7,drug,15.696047943416648
d50,7,drug,21.79750828471062
d51,7,drug,19.38124604716635
d52,7,drug,16.268295965752277
d53,7,drug,15.349979352104178
d54,7,drug,21.66788887602663
d55,7,drug,17.58021706803128
d56,7,drug,19.899489767028328
d57,7,drug,17.478445670367265
d58,7,drug,17.87944591101331
d59,7,drug,17.5415635202696
d60,7,drug,21.207576936771577
d61,7,drug,19.711907888727414
d62,7,drug,19.2695679401082
d63,7,drug,19.040364939471512
d64,7,drug,18.357392381128616
d65,7,drug,17.845931084149015
d66,7,drug,17.212983136024153
d67,7,drug,19.652643583667842
d68,7,drug,15.262828776102356
d69,7,drug,17.131614340781937
d70,7,drug,21.39590298362323
d71,7,drug,17.25485274955741
d72,7,drug,17.799792733524438
d73,7,drug,19.236703247749297
d74,7,drug,21.43331602994533
d75,7,drug,15.678085597884376
d76,7,drug,15.359298479989084
d77,7,drug,18.505637667250994
d78,7,drug,16.30437273024995
d79,7,drug,17.94496883237987
d80,7,drug,13.249075771338934
d81,7,drug,15.440158951857049
d82,7,drug,18.53767011752098
d83,7,drug,16.683254493387874
d84,7,drug,16.68891254864321
d85,7,drug,19.36763199393736
d86,7,drug,18.29682981442157
d87,7,drug,12.236693941434618
d88,7,drug,19.799977846714906
d89,7,drug,14.788738600950218
d90,7,drug,21.392446969170695
d91,7,drug,19.211715694959643
d92,7,drug,17.359711464174357
d93,7,drug,21.386565767085923
d94,7,drug,23.189876450967326
d95,7,drug,19.66720049839295
d96,7,drug,15.465700743905144
d97,7,drug,18.49148767271089
d98,7,drug,18.527182925095588
d99,7,drug,14.119028233906242
